{
    "AllNodes": [
        {
            "NodeName": "[Machine Name]",
            "Role": [
                "Server",
                "ServerWebAdaptor"
            ]
        }
    ],
    "ConfigData": {
        "Version": "[Version of ArcGIS Deployment]",
        "ServerRole": "NotebookServer",
        "ServerContext": "notebook",
        "Credentials": {
            "ServiceAccount": {
                "Password": "[ServiceAccount Password]",
                "UserName": "[ServiceAccount Username - Can be a Domain Account]",
                "IsDomainAccount": false,
                "IsMSAAccount": false
            }
        },
        "Server": {
            "LicenseFilePath": "[License File Path - Notebook Server ]",
            "Installer": {
                "Path": "[Server Installer Path]",
                "NotebookServerSamplesDataPath": "[Optional - Notebook Server Samples Data Installer Path - Included starting 10.9]",
                "InstallDir": "[Server Install Dir - Ex. C:\\ArcGIS\\Server]",
                "InstallDirPython": "[Python Install Dir - Ex. C:\\Python27] "
            },
            "ServerDirectoriesRootLocation": "C:\\arcgisnotebookserver\\directories",
            "ConfigStoreLocation": "C:\\arcgisnotebookserver\\config-store",
            "ContainerImagePaths": [
                "C:\\docker_images\\ArcGIS_Notebook_Docker_Standard_108.tar.gz",
                "C:\\docker_images\\ArcGIS_Notebook_Docker_Advanced_108.tar.gz"
            ],
            "ServerDirectories": [
                {
                    "name": "arcgisworkspace",
                    "path": "C:\\arcgisnotebookserver\\arcgisworkspace",
                    "type": "WORKSPACE"
                },
                {
                    "name": "arcgisoutput",
                    "path": "C:\\arcgisnotebookserver\\arcgisoutput",
                    "type": "OUTPUT"
                },
                {
                    "name": "arcgissystem",
                    "path": "C:\\arcgisnotebookserver\\arcgissystem",
                    "type": "SYSTEM"
                },
                {
                    "name": "arcgisjobs",
                    "path": "C:\\arcgisnotebookserver\\arcgisjobs",
                    "type": "JOBS"
                }
            ],
            "ServerLogsLocation": "C:\\arcgisnotebookserver\\logs",
            "PrimarySiteAdmin": {
                "UserName": "[PrimarySiteAdmin Username]",
                "Password": "[PrimarySiteAdmin Password]"
            }
        },
        "WebAdaptor": {
            "Installer": {
                "Path": "[WebAdaptor Installer Path]"
            }
        },
        "Federation": {
            "PortalHostName": "[Portal Host Name (FQDN) with which this site needs to be federated]",
            "PortalPort": "[Port on which Portal is listening ex. - 443]",
            "PortalContext": "[Context of the Portal ex. - portal]",
            "PortalAdministrator": {
                "UserName": "admin",
                "Password": "changeit"
            }
        }
    }
}