{
    "AllNodes": [
        {
            "NodeName": "[Machine 1 Name]",
            "Role": [
                "FileShare"
            ]
        },
        {
            "NodeName": "[Machine 2 Name]",
            "DataStoreTypes": [
                "Relational"
            ],
            "Role": [
                "DataStore"
            ]
        },
        {
            "NodeName": "[Machine 3 Name]",
            "Role": [
                "ServerWebAdaptor",
                "PortalWebAdaptor"
            ]
        },
        {
            "NodeName": "[Machine 4 Name]",
            "Role": [
                "ServerWebAdaptor",
                "PortalWebAdaptor"
            ]
        },
        {
            "NodeName": "[Machine 5 Name]",
            "Role": [
                "Portal"
            ]
        },
        {
            "NodeName": "[Machine 6 Name]",
            "Role": [
                "Portal"
            ]
        },
        {
            "NodeName": "[Machine 7 Name]",
            "Role": [
                "Server"
            ]
        },
        {
            "NodeName": "[Machine 8 Name]",
            "Role": [
                "Server"
            ]
        }
    ],
    "ConfigData": {
        "Version": "[Version of ArcGIS Deployment]",
        "ServerContext": "server",
        "PortalContext": "portal",
        "FileShareLocalPath": "[File Share Local Path]",
        "FileShareName": "[File Share Name]",
        "ServerRole": "GeneralPurposeServer",
        "Credentials": {
            "ServiceAccount": {
                "Password": "[ServiceAccount Password]",
                "UserName": "[ServiceAccount Username - Can be a Domain Account]",
                "IsDomainAccount": false
            }
        },
        "Server": {
            "LicenseFilePath": "[License File Path - Server ]",
            "Installer": {
                "Path": "[Server Installer Path]",
                "InstallDir": "[Server Install Dir - Ex. C:\\ArcGIS\\Server]",
                "InstallDirPython": "[Python Install Dir - Ex. C:\\Python27] "
            },
            "ServerDirectoriesRootLocation": "\\\\[Fileshare Machine Name 1]\\[Fileshare Name]\\arcgisserver\\directories",
            "ConfigStoreLocation": "\\\\[Fileshare Machine Name 1]\\[Fileshare Name]\\arcgisserver\\config-store",
            "ExternalLoadBalancer": "",
            "InternalLoadBalancer": "",
            "PrimarySiteAdmin": {
                "UserName": "[PrimarySiteAdmin Username]",
                "Password": "[PrimarySiteAdmin Password]"
            }
        },
        "Portal": {
            "LicenseFilePath": "[License File Path - Portal ]",
            "PortalLicenseUserTypeId": "[Portal License User Type Id- Required for 10.7 and above]",
            "Installer": {
                "Path": "[Portal Installer Path]",
                "WebStylesPath": "[Optional Parameter starting ArcGIS Enterprise 10.7.1 - Portal Web Styles Installer Path]",
                "InstallDir": "[Portal Install Dir - Ex. C:\\ArcGIS\\Portal]",
                "ContentDir": "[Portal Content Dir for Install- Ex. C:\\arcgisportal"
            },
            "ContentDirectoryLocation": "\\\\[File Share Machine 1]\\[File Share Name]\\arcgisportal\\content",
            "ExternalLoadBalancer": "",
            "InternalLoadBalancer": "",
            "PortalAdministrator": {
                "UserName": "[PortalAdministrator Username]",
                "Email": "[PortalAdministrator Email]",
                "Password": "[PortalAdministrator Password]",
                "SecurityQuestionIndex": 1,
                "SecurityAnswer": "vanilla"
            }
        },
        "DataStore": {
            "ContentDirectoryLocation": "[Content Dir DataStore - C:\\arcgisdatastore]",
            "EnableFailoverOnPrimaryStop": false,
            "Installer": {
                "Path": "[DataStore Installer Path]",
                "InstallDir": "[DataStore Install Dir - Ex. C:\\ArcGIS\\DataStore]"
            }
        },
        "WebAdaptor": {
            "AdminAccessEnabled": true,
            "Installer": {
                "Path": "[WebAdaptor Installer Path]"
            }
        }
    }
}