{
    "AllNodes": [
        {
            "NodeName": "[Machine 1 Name]",
            "DataStoreTypes": [
                "Relational",
                "SpatioTemporal"
            ],
            "Role": [
                "DataStore",
                "Server"
            ],
            "SslCertificates": [
                {
                    "Path": "[Server SSL Certificate Path]",
                    "Password": "[Server SSL Password]",
                    "CNameFQDN": "[Server CName Alias]",
                    "Target": [
                        "Server"
                    ]
                }
            ]
        },
        {
            "NodeName": "[Machine 2 Name]",
            "Role": [
                "ServerWebAdaptor",
                "PortalWebAdaptor"
            ],
            "SslCertificates": [
                {
                    "Path": "[WebAdaptor SSL Certificate Path]",
                    "Password": "[WebAdaptor SSL Password]",
                    "CNameFQDN": "[WebAdaptor CName Alias]",
                    "Target": [
                        "WebAdaptor"
                    ]
                }
            ]
        },
        {
            "NodeName": "[Machine 3 Name]",
            "Role": [
                "Portal"
            ],
            "SslCertificates": [
                {
                    "Path": "[Portal SSL Certificate Path]",
                    "Password": "[Portal SSL Password]",
                    "CNameFQDN": "[Portal CName Alias]",
                    "Target": [
                        "Portal"
                    ]
                }
            ]
        }
    ],
    "ConfigData": {
        "Version": "[Version of ArcGIS Deployment]",
        "ServerContext": "server",
        "PortalContext": "portal",
        "ServerRole": "GeneralPurposeServer",
        "Credentials": {
            "ServiceAccount": {
                "Password": "[ServiceAccount Password]",
                "UserName": "[ServiceAccount Username - Can be a Domain Account]",
                "IsDomainAccount": false
            }
        },
        "SslRootOrIntermediate": [
            {
                "Alias": "[ROOT-CA Alias]",
                "Path": "[ROOT-CA SSL Certificate Path]"
            },
            {
                "Alias": "[Intermediate-CA Alias]",
                "Path": "[Intermediate-CA SSL Certificate Path]"
            }
        ],
        "Server": {
            "LicenseFilePath": "[License File Path - Server ]",
            "Installer": {
                "Path": "[Server Installer Path]",
                "InstallDir": "[Server Install Dir - Ex. C:\\ArcGIS\\Server]",
                "InstallDirPython": "[Python Install Dir - Ex. C:\\Python27] "
            },
            "ServerDirectoriesRootLocation": "C:\\arcgisserver\\directories",
            "ConfigStoreLocation": "C:\\arcgisserver\\config-store",
            "PrimarySiteAdmin": {
                "UserName": "[PrimarySiteAdmin Username]",
                "Password": "[PrimarySiteAdmin Password]"
            }
        },
        "Portal": {
            "LicenseFilePath": "[License File Path - Portal ]",
            "PortalLicenseUserTypeId": "[Portal License User Type Id- Required for 10.7 and above]",
            "Installer": {
                "Path": "[Portal Installer Path]",
                "WebStylesPath": "[Optional Parameter starting ArcGIS Enterprise 10.7.1 - Portal Web Styles Installer Path]",
                "InstallDir": "[Portal Install Dir - Ex. C:\\ArcGIS\\Portal]",
                "ContentDir": "[Portal Content Dir for Install- Ex. C:\\portalforarcgis\\content]"
            },
            "ContentDirectoryLocation": "C:\\portalforarcgis\\content\\arcgisportal\\content",
            "PortalAdministrator": {
                "UserName": "[PortalAdministrator Username]",
                "Email": "[PortalAdministrator Email]",
                "Password": "[PortalAdministrator Password]",
                "SecurityQuestionIndex": 1,
                "SecurityAnswer": "vanilla"
            }
        },
        "DataStore": {
            "ContentDirectoryLocation": "[Content Dir DataStore - C:\\arcgisdatastore]",
            "EnableFailoverOnPrimaryStop": false,
            "Installer": {
                "Path": "[DataStore Installer Path]",
                "InstallDir": "[DataStore Install Dir - Ex. C:\\ArcGIS\\DataStore]"
            }
        },
        "WebAdaptor": {
            "AdminAccessEnabled": true,
            "Installer": {
                "Path": "[WebAdaptor Installer Path]"
            }
        }
    }
}