{
    "AllNodes": [
        {
            "NodeName": "[Machine 1 Name]",
            "DataStoreTypes": [
                "Relational",
                "SpatioTemporal"
            ],
            "Role": [
                "DataStore"
            ]
        },
        {
            "NodeName": "[Machine 2 Name]",
            "Role": [
                "Portal",
                "PortalWebAdaptor"
            ],
            "PortalLicenseFilePath": "[OPTIONAL - Valid Parameter for 10.6.1 and below]",
            "PortalLicensePassword": "[OPTIONAL - Valid Parameter for 10.6.1 and below]"
        },
        {
            "NodeName": "[Machine 3 Name]",
            "Role": [
                "Server",
                "ServerWebAdaptor"
            ],
            "ServerLicenseFilePath": "[OPTIONAL]",
            "ServerLicensePassword": "[OPTIONAL]"
        }
    ],
    "ConfigData": {
        "Version": "[Version of ArcGIS Deployment]",
        "ServerContext": "server",
        "PortalContext": "portal",
        "ServerRole": "GeneralPurposeServer",
        "Credentials": {
            "ServiceAccount": {
                "Password": "[ServiceAccount Password]",
                "UserName": "[ServiceAccount Username - Can be a Domain Account]",
                "IsDomainAccount": false
            }
        },
        "Server": {
            "LicenseFilePath": "[License File Path - Server - Will be over ridden by Node Level Licence File ]",
            "LicensePassword": "[License Password - Server - OPTIONAL] - Will be over ridden by Node Level Password",
            "Installer": {
                "Path": "[Server Installer Path]",
                "InstallDir": "[Server Install Dir - Ex. C:\\ArcGIS\\Server]",
                "InstallDirPython": "[Python Install Dir - Ex. C:\\Python27] "
            },
            "ServerDirectoriesRootLocation": "C:\\arcgisserver\\directories",
            "ConfigStoreLocation": "C:\\arcgisserver\\config-store",
            "PrimarySiteAdmin": {
                "UserName": "[PrimarySiteAdmin Username]",
                "Password": "[PrimarySiteAdmin Password]"
            }
        },
        "Portal": {
            "LicenseFilePath": "[License File Path - Portal - Will be over ridden by Node Level Licence File]",
            "LicensePassword": "[License Password - Portal - OPTIONAL - Will be over ridden by Node Level Password - Valid Parameter for 10.6.1 and below]",
            "PortalLicenseUserTypeId": "[Portal License User Type Id- Required for 10.7 and above]",
            "Installer": {
                "Path": "[Portal Installer Path]",
                "WebStylesPath": "[Optional Parameter starting ArcGIS Enterprise 10.7.1 - Portal Web Styles Installer Path]",
                "InstallDir": "[Portal Install Dir - Ex. C:\\ArcGIS\\Portal]",
                "ContentDir": "[Portal Content Dir for Install- Ex. C:\\portalforarcgis\\content]"
            },
            "ContentDirectoryLocation": "C:\\portalforarcgis\\content\\arcgisportal\\content",
            "PortalAdministrator": {
                "UserName": "[PortalAdministrator Username]",
                "Email": "[PortalAdministrator Email]",
                "Password": "[PortalAdministrator Password]",
                "SecurityQuestionIndex": 1,
                "SecurityAnswer": "vanilla"
            }
        },
        "DataStore": {
            "ContentDirectoryLocation": "[Content Dir DataStore - C:\\arcgisdatastore]",
            "EnableFailoverOnPrimaryStop": false,
            "Installer": {
                "Path": "[DataStore Installer Path]",
                "InstallDir": "[DataStore Install Dir - Ex. C:\\ArcGIS\\DataStore]"
            }
        },
        "WebAdaptor": {
            "AdminAccessEnabled": true,
            "Installer": {
                "Path": "[WebAdaptor Installer Path]"
            }
        }
    }
}