{
    "AllNodes": [
        {
            "NodeName": "[Machine Name]",
            "DataStoreTypes": [
                "Relational"
            ],
            "Role": [
                "Server",
                "Portal",
                "DataStore",
                "ServerWebAdaptor",
                "PortalWebAdaptor"
            ]
        }
    ],
    "ConfigData": {
        "Version": "[Version of ArcGIS Deployment]",
        "ServerContext": "server",
        "PortalContext": "portal",
        "ServerRole": "GeneralPurposeServer",
        "CloudStorageType": "[Required - 'AzureBlob','AzureFiles']",
        "AzureFileShareName": "[Required if CloudStorageType is 'AzureFiles']",
        "CloudNamespace": "[Required id using cloud storage - Unique identifiable string for your deployment to avoid conflicts]",
        "Credentials": {
            "ServiceAccount": {
                "UserName": "[ServiceAccount Username - Can be a Domain Account]",
                "Password": "[ServiceAccount Password]",
                "IsDomainAccount": false
            },
            "ADServiceUser": {
                "UserName": "[ADServiceUser Username - Active Directory Service user for enabling use of Integrated Windows Authentication with your portal.]",
                "Password": "[ADServiceUser Password]"
            },
            "CloudStorageAccount":{
                "UserName": "[CloudStorageAccount Account Name/ Access Id]",
                "Password": "[CloudStorageAccount SAS Token/Secret Key/Password ]"
            }
        },
        "Server": {
            "LicenseFilePath": "[License File Path - Server ]",
            "Installer": {
                "Path": "[Server Installer Path]",
                "InstallDir": "[Server Install Dir - Ex. C:\\ArcGIS\\Server]",
                "InstallDirPython": "[Python Install Dir - Ex. C:\\Python27] ",
                "PatchesDir": "[Path to Directory with Patches for Server]"
            },
            "ServerDirectoriesRootLocation": "C:\\arcgisserver\\directories",
            "ConfigStoreLocation": "C:\\arcgisserver\\config-store",
            "LocalRepositoryPath": "C:\\arcgisserver\\local",
            "ServerLogsLocation": "C:\\arcgisserver\\logs",
            "ServerDirectories": [
                {
                    "name": "arcgiscache",
                    "physicalPath": "C:\\arcgisserver\\directories\\arcgiscache",
                    "directoryType": "CACHE",
                    "cleanupMode": "NONE",
                    "maxFileAge": 0
                },
                {
                    "name": "arcgisjobs",
                    "physicalPath": "C:\\arcgisserver\\directories\\arcgisjobs",
                    "directoryType": "JOBS",
                    "cleanupMode": "TIME_ELAPSED_SINCE_LAST_MODIFIED",
                    "maxFileAge": 360
                },
                {
                    "name": "arcgisoutput",
                    "physicalPath": "C:\\arcgisserver\\directories\\arcgisoutput",
                    "directoryType": "OUTPUT",
                    "cleanupMode": "TIME_ELAPSED_SINCE_LAST_MODIFIED",
                    "maxFileAge": 10
                },
                {
                    "name": "arcgissystem",
                    "physicalPath": "C:\\arcgisserver\\directories\\arcgissystem",
                    "directoryType": "SYSTEM",
                    "cleanupMode": "NONE",
                    "maxFileAge": 0
                }
            ],
            "RegisteredDirectories": [
                {
                    "name": "BasemapsCacheDir",
                    "physicalPath": "C:\\arcgisserver\\additionaldirs\\cache",
                    "directoryType": "CACHE"
                },
                {
                    "name": "TestOutputDir",
                    "physicalPath": "C:\\arcgisserver\\additionaldirs\\testOutput",
                    "directoryType": "OUTPUT"
                },
                {
                    "name": "TestJobsDir",
                    "physicalPath": "C:\\arcgisserver\\additionaldirs\\testJobs",
                    "directoryType": "JOBS"
                }
            ],
            "PrimarySiteAdmin": {
                "UserName": "[PrimarySiteAdmin Username]",
                "Password": "[PrimarySiteAdmin Password]"
            }
        },
        "Portal": {
            "LicenseFilePath": "[License File Path - Portal ]",
            "PortalLicenseUserTypeId": "[Portal License User Type Id- Required for 10.7 and above]",
            "Installer": {
                "Path": "[Portal Installer Path]",
                "WebStylesPath": "[Optional Parameter starting ArcGIS Enterprise 10.7.1 - Portal Web Styles Installer Path]",
                "InstallDir": "[Portal Install Dir - Ex. C:\\ArcGIS\\Portal]",
                "ContentDir": "[Portal Content Dir for Install- Ex. C:\\portalforarcgis\\content]",
                "PatchesDir": "[Path to Directory with Patches for Portal]"
            },
            "ContentDirectoryLocation": "C:\\portalforarcgis\\content\\arcgisportal\\content",
            "EnableAutomaticAccountCreation": true,
            "DefaultRoleForUser": "[Optional - Values: account_user | account_publisher | <custom role ID>]",
            "DefaultUserLicenseTypeIdForUser": "[Optional (Valid for 10.7 and later) - Values: fieldWorkerUT | GISProfessionalStdUT | GISProfessionalBasicUT | GISProfessionalAdvUT | creatorUT | editorUT | insightsAnalystUT]",
            "PortalAdministrator": {
                "UserName": "[PortalAdministrator Username]",
                "Email": "[PortalAdministrator Email]",
                "Password": "[PortalAdministrator Password]",
                "SecurityQuestionIndex": 1,
                "SecurityAnswer": "vanilla"
            }
        },
        "DataStore": {
            "ContentDirectoryLocation": "[Content Dir DataStore - C:\\arcgisdatastore]",
            "EnableFailoverOnPrimaryStop": false,
            "Installer": {
                "Path": "[DataStore Installer Path]",
                "InstallDir": "[DataStore Install Dir - Ex. C:\\ArcGIS\\DataStore]",
                "PatchesDir": "[Path to Directory with Patches for DataStore]"
            }
        },
        "WebAdaptor": {
            "AdminAccessEnabled": true,
            "Installer": {
                "Path": "[WebAdaptor Installer Path]"
            }
        }
    }
}