{
    "AllNodes": [
        {
            "NodeName": "[Machine Name]",
            "Role": [
                "Server",
                "ServerWebAdaptor"
            ]
        },
        {
            "NodeName": "[Machine Name]",
            "Role": [
                "Server",
                "FileShare"
            ]
        }
    ],
    "ConfigData": {
        "Version": "[Version of ArcGIS Deployment]",
        "ServerRole": "NotebookServer",
        "ServerContext": "notebook",
        "Credentials": {
            "ServiceAccount": {
                "Password": "[ServiceAccount Password]",
                "UserName": "[ServiceAccount Username - Can be a Domain Account]",
                "IsDomainAccount": false
            }
        },
        "Server": {
            "LicenseFilePath": "[License File Path - Notebook Server ]",
            "Installer": {
                "Path": "[Server Installer Path]",
                "InstallDir": "[Server Install Dir - Ex. C:\\ArcGIS\\Server]",
                "InstallDirPython": "[Python Install Dir - Ex. C:\\Python27] "
            },
            "ServerDirectoriesRootLocation": "\\\\[Fileshare Machine Name 1]\\[Fileshare Name]\\arcgisnotebook\\directories",
            "ConfigStoreLocation": "\\\\[Fileshare Machine Name 1]\\[Fileshare Name]\\\\arcgisnotebook\\config-store",
            "ContainerImagePaths": [
                "C:\\docker_images\\ArcGIS_Notebook_Docker_Standard_108.tar.gz",
                "C:\\docker_images\\ArcGIS_Notebook_Docker_Advanced_108.tar.gz"
            ],
            "ServerDirectories": [
                {
                    "name": "arcgisworkspace",
                    "path": "[Required - DFS Shared Workspace - 'C:\\arcgisnotebook\\arcgisworkspace']",
                    "type": "WORKSPACE"
                }
            ],
            "ServerLogsLocation": "",
            "PrimarySiteAdmin": {
                "UserName": "[PrimarySiteAdmin Username]",
                "Password": "[PrimarySiteAdmin Password]"
            }
        },
        "WebAdaptor": {
            "Installer": {
                "Path": "[WebAdaptor Installer Path]"
            }
        },
        "Federation": {
            "PortalHostName": "[Portal Host Name (FQDN) with which this site needs to be federated]",
            "PortalPort": "[Port on which Portal is listening ex. - 443]",
            "PortalContext": "[Context of the Portal ex. - portal]",
            "PortalAdministrator": {
                "UserName": "admin",
                "Password": "changeit"
            }
        }
    }
}