{
    "AllNodes": [
        {
            "NodeName": "[Machine Name 1]",
            "Role": [
                "Pro"
            ]
        },
        {
            "NodeName": "[Machine Name 1]",
            "Role": [
                "Pro"
            ]
        },
        {
            "NodeName": "[Machine Name 3]",
            "Role": [
                "LicenseManager"
            ]
        }
    ],
    "ConfigData": {
        "ProVersion": "[Version of ArcGIS Pro ]",
        "LicenseManagerVersion": "[Version of ArcGIS License Manager ]",
        "Pro": {
            "AuthorizationType": "CONCURRENT_USE",
            "LockAuthSettings": "[ True(Default) | False ]",
            "BlockAddIns": "[0 (Default All Addins Allowed), 1 (Signed by CA), 2 (Esri Addins Only), 3 (Esri Addins Only from Admin Folder), 4 (No Addins Allowed), 5 (Only Addins from Addmin Folder)]",
            "SoftwareClass": "[Viewer | Editor | Professional]",
            "PortalList": "[List of Portals for Pro]",
            "AllUsers": "[1 (Per Machine Install)]",
            "EsriLicenseHost": "[ License Host - [Machine Name 3] ]",
            "EnableEUEI": "[ True  (Default enables participation of Esri User Experience Improvement Program) | False]",
            "CheckForUpdatesAtStartup": "[ True (Default enables automatic update notifications of ArcGIS Pro) | False ]",
            "Installer": {
                "Path": "[Pro Installer Path]",
                "IsSelfExtracting": "[ Optional - True (Default) | False ]",
                "InstallDir": "[Pro Install Dir - Ex. C:\\ArcGIS\\Pro]",
                "PatchesDir": "",
                "PatchInstallOrder": [
                    "Array of patch names to install in the needed order"
                ]
            }
        },
        "LicenseManager": {
            "LicenseFilePath": "[License File Path (*.prvs) - License Manager ]",
            "Installer": {
                "Path": "[License Manager Installer Path]",
                "IsSelfExtracting": "[ Optional - True (Default) | False ]",
                "InstallDir": "[License Manager Install Dir - Ex. C:\\ArcGIS\\LicenseManager]"
            }
        }
    }
}