{
    "AllNodes": [
        {
            "NodeName": "[Machine Name 1]",
            "Role": [
                "Desktop"
            ]
        },
        {
            "NodeName": "[Machine Name 1]",
            "Role": [
                "Desktop"
            ]
        },
        {
            "NodeName": "[Machine Name 2]",
            "Role": [
                "LicenseManager"
            ]
        }
    ],
    "ConfigData": {
        "DesktopVersion": "[Version of ArcGIS Dektop ]",
        "LicenseManagerVersion": "[Version of ArcGIS License Manager ]",
        "Desktop": {
            "LicenseFilePath": "[License File Path - Desktop ]",
            "SeatPreference": "Float",
            "InstallFeatures": "[ALL | <feature1>,<feature2>,]",
            "ModifyFlexdAcl": "[TRUE | FALSE (Default)]",
            "BlockAddIns": "[ #0, #1, #2, #3, #4 ]",
            "DesktopConfig": "[ TRUE - if you supply ESRI_LICENSE_HOST, SOFTWARE_CLASS, and SEAT_PREFERENCE on the command line ]",
            "EsriLicenseHost": "[ License Host - [Machine Name 3] or Can be an external License Manager Host]",
            "SoftwareClass": "[Viewer | Editor | Professional]",
            "EnableEUEI": "[ True (Default enables participation of Esri User Experience Improvement Program) | False ]",
            "Installer": {
                "Path": "[Desktop Installer Path]",
                "InstallDir": "[Desktop Install Dir - Ex. C:\\ArcGIS\\Desktop]",
                "InstallDirPython": "[Python Install Dir - Ex. C:\\Python27] ",
                "PatchesDir": ""
            }
        },
        "LicenseManager": {
            "Installer": {
                "Path": "[License Manager Installer Path]",
                "InstallDir": "[License Manager Install Dir - Ex. C:\\ArcGIS\\LicenseManager]"
            }
        }
    }
}