{
    "AllNodes": [
        {
            "NodeName": "[Machine Name]",
            "Role": [
                "Server",
                "RasterDataStoreItem"
            ]
        }
    ],
    "ConfigData": {
        "Version": "[Version of ArcGIS Deployment]",
        "ServerRole": "GeneralPurposeServer",
        "AdditionalServerRoles":[
            "Geoevent",
            "RasterAnalytics",
            "WorkflowManagerServer",
            "GeoAnalytics",
            "ImageHosting"
        ],
        "Credentials": {
            "ServiceAccount": {
                "Password": "[ServiceAccount Password]",
                "UserName": "[ServiceAccount Username - Can be a Domain Account]",
                "IsDomainAccount": false,
                "IsMSAAccount": false
            }
        },
        "Server": {
            "LicenseFilePath": "[License File Path - Server ]",
            "Installer": {
                "Path": "[Server Installer Path]",
                "InstallDir": "[Server Install Dir - Ex. C:\\ArcGIS\\Server]",
                "InstallDirPython": "[Python Install Dir - Ex. C:\\Python27] ",
                "EnableArcMapRuntime": "[ Optional - True (Default) | False - Enables ArcMapRuntime. Available starting 10.9.1]",
                "EnableDotnetSupport": "[ Optional - True | False (Default)  - Enables .Net Extension Support. Available starting 10.9.1]"
            },
            "ServerDirectoriesRootLocation": "C:\\arcgisserver\\directories",
            "ConfigStoreLocation": "C:\\arcgisserver\\config-store",
            "PrimarySiteAdmin": {
                "UserName": "[PrimarySiteAdmin Username]",
                "Password": "[PrimarySiteAdmin Password]"
            },
            "Extensions":{
                "DataInteroperability":{
                    "Installer": {
                        "Path": "[Data Interoperability Installer Path]"
                    }
                },
                "DataReviewer":{
                    "Installer": {
                        "Path": "[Data Reviewer Installer Path]"
                    }
                },
                "WorkflowManagerClassic":{
                    "Installer": {
                        "Path": "[Workflow Manager Classic Installer Path]"
                    },
                    "Features":[
                        "Server",
                        "WebViewers",
                        "ALL"
                    ]
                },
                "LocationReferencing":{
                    "Installer": {
                        "Path": "[Location Referencing Installer Path]"
                    },
                    "Features":[
                        "PipeServer",
                        "RHServer",
                        "EventEditor",
                        "RCE",
                        "RoadwayReporter"
                    ]
                },
                "MappingChartingSolution":{
                    "Installer": {
                        "Path": "[Mapping and Charting Solutions Installer Path]"
                    },
                    "Features":[
                        "DefenseMapping",
                        "Maritime",
                        "ALL"
                    ]
                }
            }
        },
        "GeoEventServer": {
            "LicenseFilePath": "[License File Path - GeoEvent Server ]",
            "Installer": {
                "Path": "[GeoEvent Server Installer Path]",
                "PatchesDir": "[Path to Directory with Patches for GeoEvent Server]",
                "PatchInstallOrder": [
                    "Array of patch names to install in the needed order"
                ]
            },
            "EnableGeoeventSDK": "[ Optional - True | False(Default) - Enables GeoEvent SDK during installation.]"
        },
        "WorkflowManagerServer": {
            "LicenseFilePath": "[License File Path - Workflow Manager Server ]",
            "Installer": {
                "Path": "[Workflow Manager Server Installer Path]"
            }
        },
        "DataStoreItems": {
            "RasterStore": {
                "FileShareLocalPath": "[File Share Local Path]",
                "FileShareName": "[File Share Name]"
            }
        },
        "Federation": {
            "PortalHostName": "[Portal Host Name (FQDN) with which this site needs to be federated]",
            "PortalPort": "[Port on which Portal is listening ex. - 443]",
            "PortalContext": "[Context of the Portal ex. - portal]",
            "PortalAdministrator": {
                "UserName": "admin",
                "Password": "changeit"
            }
        }
    }
}