{
    "AllNodes": [
        {
            "NodeName": "[Machine Name 1]",
            "Role": [
                "Pro"
            ]
        },
        {
            "NodeName": "[Machine Name 1]",
            "Role": [
                "Pro"
            ]
        },
        {
            "NodeName": "[Machine Name 3]",
            "Role": [
                "LicenseManager"
            ]
        }
    ],
    "ConfigData": {
        "ProVersion": "[Version of ArcGIS Pro ]",
        "LicenseManagerVersion": "[Version of ArcGIS License Manager ]",
        "Pro":{
            "LicenseFilePath": "[License File Path - Pro ]",
            "AuthorizationType": "CONCURRENT_USE",
            "LockAuthSettings":"[ True(Default) | False ]",
            "BlockAddIns":"",
            "SoftwareClass":"[Viewer | Editor | Professional]",
            "PortalList":"[List of Portals for Pro]",
            "AllUsers":"",
            "EsriLicenseHost":"[ License Host - [Machine Name 3] ]",
            "EnableEUEI":"[ True  (Default enables participation of Esri User Experience Improvement Program) | False]",
            "CheckForUpdatesAtStartup": "[ True (Default enables automatic update notifications of ArcGIS Pro) | False ]",
            "Installer": {
                "Path": "[Pro Installer Path]",
                "InstallDir": "[Pro Install Dir - Ex. C:\\ArcGIS\\Pro]",
                "PatchesDir":""
            }
        },
        "LicenseManager":{
            "Installer": {
                "Path": "[License Manager Installer Path]",
                "InstallDir": "[License Manager Install Dir - Ex. C:\\ArcGIS\\LicenseManager]"
            }
        }
    }
}