{
    "AllNodes":  [
                     {
                         "NodeName": "[Machine Name]",
                         "Role":  [
                                    "Server"
                                  ]
                     }
                 ],
    "ConfigData":  {
                       "Version":  "[Version of ArcGIS Deployment]",
                       "ServerRole": "GeoEvent",
                       "Credentials":  {
                                           "PrimarySiteAdmin":  {
                                                                    "UserName":  "[PrimarySiteAdmin Username]",
                                                                    "Email":  "[PrimarySiteAdmin Email]",
                                                                    "Password":  "[PrimarySiteAdmin Password]"
                                                                },
                                           "ServiceAccount":  {
                                                                  "Password":  "[ServiceAccount Password]",
                                                                  "UserName":  "[ServiceAccount Username - Can be a Domain Account]",
                                                                  "IsDomainAccount": false
                                                              }
                                       },
                       "Server":  {
                                      "LicenseFilePath":   "[License File Path - Server ]",
                                      "Installer":  {
                                                        "Path":  "[Server Installer Path]",
                                                        "InstallDir":  "[Server Install Dir - Ex. C:\\ArcGIS\\Server]",
                                                        "InstallDirPython":  "[Python Install Dir - Ex. C:\\Python27] "
                                                    },
                                      "ServerDirectoriesRootLocation":  "C:\\arcgisserver\\directories",
                                      "ConfigStoreLocation":  "C:\\arcgisserver\\config-store"
                                  },
                       "GeoEventServer":  {
                                      "LicenseFilePath":   "[License File Path - GeoEvent Server ]",
                                      "Installer":  {
                                                        "Path":  "[GeoEvent Server Installer Path]",
                                                        "InstallDir":  "[Geoevent Server Install Dir - Ex. C:\\ArcGIS\\GeoEventServer]"
                                                    }
                                  },                                    
                       "Federation":  {
                                         "PortalHostName": "[Portal Host Name (FQDN) with which this site needs to be federated]",
                                         "PortalPort": "[Port on which Portal is listening ex. - 443]",
                                         "PortalContext": "[Context of the Portal ex. - portal]",
                                         "PrimarySiteAdmin":  {
                                                                "UserName":  "admin",
                                                                "Password":  "changeit"
                                                              }
                                     }
                   }
}
