{
    "AllNodes": [
        {
            "NodeName": "[Machine Name 1]",
            "Role": [
                "Pro"
            ]
        }
    ],
    "ConfigData": {
        "ProVersion": "[Version of ArcGIS Pro ]",
        "Pro": {
            "LicenseFilePath": "[License File Path - Pro ]",
            "AuthorizationType": "SINGLE_USE",
            "LockAuthSettings": "[ True(Default) | False ]",
            "BlockAddIns": "[0 (Default All Addins Allowed), 1 (Signed by CA), 2 (Esri Addins Only), 3 (Esri Addins Only from Admin Folder), 4 (No Addins Allowed), 5 (Only Addins from Addmin Folder)]",
            "SoftwareClass": "[Viewer | Editor | Professional]",
            "PortalList": "[List of Portals for Pro]",
            "AllUsers": "[1 (Per Machine Install)]",
            "EnableEUEI": "[ True (Default enables participation of Esri User Experience Improvement Program) | False]",
            "CheckForUpdatesAtStartup": "[ True (Default enables automatic update notifications of ArcGIS Pro) | False ]",
            "Installer": {
                "Path": "[Pro Installer Path]",
                "InstallDir": "[Pro Install Dir - Ex. C:\\ArcGIS\\Pro]",
                "PatchesDir": "",
                "PatchInstallOrder": [
                    "Array of patch names to install in the needed order"
                ]
            },
            "Extensions":{
                "DataInteroperability":{
                    "Installer": {
                        "Path": "[Data Interoperability Installer Path]"
                    }
                }
            }
        }
    }
}