{
    "AllNodes": [
        {
            "NodeName": "[Machine Name]",
            "Role": [
                "Server",
                "ServerWebAdaptor"
            ]
        }
    ],
    "ConfigData": {
        "Version": "[Version of ArcGIS Deployment]",
        "ServerRole": "WorkflowManagerServer",
        "ServerContext": "workflowmanager",
        "Credentials": {
            "ServiceAccount": {
                "Password": "[ServiceAccount Password]",
                "UserName": "[ServiceAccount Username - Can be a Domain Account]",
                "IsDomainAccount": false,
                "IsMSAAccount": false
            }
        },
        "Server": {
            "LicenseFilePath": "[License File Path - Server ]",
            "Installer": {
                "Path": "[Server Installer Path]",
                "InstallDir": "[Server Install Dir - Ex. C:\\ArcGIS\\Server]",
                "InstallDirPython": "[Python Install Dir - Ex. C:\\Python27] ",
                "EnableArcMapRuntime": "[ Optional - True (Default) | False - Enables ArcMapRuntime. Available starting 10.9.1]",
                "EnableDotnetSupport": "[ Optional - True | False (Default)  - Enables .Net Extension Support. Available starting 10.9.1]"
            },
            "ServerDirectoriesRootLocation": "C:\\arcgisserver\\directories",
            "ConfigStoreLocation": "C:\\arcgisserver\\config-store",
            "PrimarySiteAdmin": {
                "UserName": "[PrimarySiteAdmin Username]",
                "Password": "[PrimarySiteAdmin Password]"
            }
        },
        "WorkflowManagerServer": {
            "LicenseFilePath": "[License File Path - Workflow Manager Server ]",
            "Installer": {
                "Path": "[Workflow Manager Server Installer Path]"
            }
        },
        "WebAdaptor": {
            "AdminAccessEnabled": true,
            "Installer": {
                "Path": "[WebAdaptor Installer Path]"
            }
        },
        "Federation": {
            "PortalHostName": "[Portal Host Name (FQDN) with which this site needs to be federated]",
            "PortalPort": "[Port on which Portal is listening ex. - 443]",
            "PortalContext": "[Context of the Portal ex. - portal]",
            "PortalAdministrator": {
                "UserName": "admin",
                "Password": "changeit"
            }
        }
    }
}