{
    "AllNodes":  [
                     {
                         "NodeName":  "[Machine 1 Name]",
                         "Role":  [
                                      "FileShare"
                                  ]
                     },
                     {
                         "NodeName":   "[Machine 2 Name]",
                         "DataStoreTypes":  [ 
                                              "Relational"
                                            ],
                         "Role":  [
                                      "DataStore"
                                  ]
                     },
                     {
                         "NodeName":  "[Machine 3 Name]",
                         "Role":  [
                                    "ServerWebAdaptor",
                                    "PortalWebAdaptor"
                                  ]
                     },
                     {
                         "NodeName":   "[Machine 4 Name]",
                         "Role":  [
                                    "ServerWebAdaptor",
                                    "PortalWebAdaptor"
                                  ]
                     },
                     {
                         "NodeName":   "[Machine 5 Name]",
                         "Role":  [
                                      "Portal"
                                  ]
                     },
                     {
                         "NodeName":   "[Machine 6 Name]",
                         "Role":  [
                                      "Portal"
                                  ]
                     },
                     {
                         "NodeName":   "[Machine 7 Name]",
                         "Role":  [
                                      "Server"
                                  ]
                     },
                     {
                         "NodeName":   "[Machine 8 Name]",
                         "Role":  [
                                      "Server"
                                  ]
                     },
                     {
                         "NodeName":   "[Machine 9 Name]",
                         "Role":  [
                                      "LoadBalancer"
                                  ]
                     }
                 ],
    "ConfigData":  {
                       "Version":  "[Version of ArcGIS Deployment]",
                       "ServerContext":  "server",
                       "PortalContext":  "portal",
                       "FileShareLocalPath":  "[File Share Local Path]",
                       "FileShareName":  "[File Share Name]",
                       "ServerRole": "GeneralPurposeServer",
                       "Credentials":  {
                                           "PrimarySiteAdmin":  {
                                                                    "UserName":  "[PrimarySiteAdmin Username]",
                                                                    "Email":  "[PrimarySiteAdmin Email]",
                                                                    "Password":  "[PrimarySiteAdmin Password]",
                                                                    "SecurityQuestionIndex": 1,
                                                                    "SecurityAnswer" : "vanilla"
                                                                },
                                           "ServiceAccount":  {
                                                                  "Password":  "[ServiceAccount Password]",
                                                                  "UserName":  "[ServiceAccount Username - Can be a Domain Account]",
                                                                  "IsDomainAccount": false
                                                              }
                                       },
                       "Server":  {
                                      "LicenseFilePath":   "[License File Path - Server ]",
                                      "Installer":  {
                                                        "Path":  "[Server Installer Path]",
                                                        "InstallDir":  "[Server Install Dir - Ex. C:\\ArcGIS\\Server]",
                                                        "InstallDirPython":  "[Python Install Dir - Ex. C:\\Python27] "
                                                    },
                                      "ServerDirectoriesRootLocation":  "\\\\[Fileshare Machine Name 1]\\[Fileshare Name]\\arcgisserver\\directories",
                                      "ConfigStoreLocation":  "\\\\[Fileshare Machine Name 1]\\[Fileshare Name]\\arcgisserver\\config-store"
                                  },
                       "Portal":  {
                                      "LicenseFilePath": "[License File Path - Portal ]",
                                      "PortalLicenseUserType": "[Portal License User Type - Required for 10.7 and above]",
                                      "Installer":  {
                                                        "Path":  "[Portal Installer Path]",
                                                        "WebStylesPath": "[Optional Parameter starting ArcGIS Enterprise 10.7.1 - Portal Web Styles Installer Path]",
                                                        "InstallDir": "[Portal Install Dir - Ex. C:\\ArcGIS\\Portal]",
                                                        "ContentDir": "[Portal Content Dir for Install- Ex. C:\\portalforarcgis\\content]"
                                                    },
                                      "ContentDirectoryLocation":  "\\\\[Fileshare Machine Name 1]\\[Fileshare Name]\\portalforarcgis\\content\\arcgisportal\\content"
                                  },
                       "DataStore":  {
                                         "ContentDirectoryLocation":  "[Content Dir DataStore - C:\\arcgisdatastore]",
                                         "Installer":  {
                                                           "Path":  "[DataStore Installer Path]",
                                                           "InstallDir":  "[DataStore Install Dir - Ex. C:\\ArcGIS\\DataStore]"
                                                       }
                                     },
                       "WebAdaptor":  {
                                          "AdminAccessEnabled":  true,
                                          "Installer":  {
                                                            "Path":  "[WebAdaptor Installer Path]"
                                                        }
                                      },
                       "LoadBalancer":  {
                                          "InstallerPath":  [
                                                            {
                                                                "FilePath":  "rewrite_amd64.msi",
                                                                "Name":"IIS URL Rewrite Module 2",
                                                                "ProductId":  "08F0318A-D113-4CF0-993E-50F191D397AD"
                                                            },
                                                            {
                                                                "FilePath":  "requestRouter_x64.msi",
                                                                "Name":"Microsoft Application Request Routing 3.0",
                                                                "ProductId":  "78FD26A2-9214-48CD-AF71-7F33D1A78892"
                                                            }
                                                        ]
                                      }
                   }
}
