{
    "AllNodes":  [
                     {
                         "NodeName":  "[Machine Name]",
                         "DataStoreTypes":  [ 
                                              "Relational"
                                            ],
                         "Role":  [
                                    "Server",
                                    "Portal",          
                                    "DataStore",
                                    "ServerWebAdaptor",
                                    "PortalWebAdaptor"
                                  ]
                     }
                 ],
    "ConfigData":  {
                       "Version":  "[Version of ArcGIS Deployment]",
                       "ServerContext":  "server",
                       "PortalContext":  "portal",
                       "ServerRole": "GeneralPurposeServer",
                       "Credentials":  {
                                           "PrimarySiteAdmin":  {
                                                                    "UserName":  "[PrimarySiteAdmin Username]",
                                                                    "Email":  "[PrimarySiteAdmin Email]",
                                                                    "Password":  "[PrimarySiteAdmin Password]",
                                                                    "SecurityQuestionIndex": 1,
                                                                    "SecurityAnswer" : "vanilla"
                                                                },
                                           "ServiceAccount":  {
                                                                  "Password":  "[ServiceAccount Password]",
                                                                  "UserName":  "[ServiceAccount Username - Can be a Domain Account]",
                                                                  "IsDomainAccount": false
                                                              }
                                       },
                       "Server":  {
                                      "LicenseFilePath":   "[License File Path - Server ]",
                                      "Installer":  {
                                                        "Path":  "[Server Installer Path]",
                                                        "InstallDir":  "[Server Install Dir - Ex. C:\\ArcGIS\\Server]",
                                                        "InstallDirPython":  "[Python Install Dir - Ex. C:\\Python27] ",
                                                        "PatchesDir": "[Path to Directory with Patches for Server]"
                                                    },
                                      "ServerDirectoriesRootLocation":  "C:\\arcgisserver\\directories",
                                      "ConfigStoreLocation":  "C:\\arcgisserver\\config-store",
                                      "RegisteredDirectories":  [
                                                                    {
                                                                    "name": "BasemapsCacheDir",
                                                                    "physicalPath": "C:\\arcgisserver\\additionaldirs\\cache",
                                                                    "directoryType": "CACHE"
                                                                    },
                                                                    {
                                                                    "name": "TestOutputDir",
                                                                    "physicalPath": "C:\\arcgisserver\\additionaldirs\\testOutput",
                                                                    "directoryType": "OUTPUT"
                                                                    },
                                                                    {
                                                                    "name": "TestJobsDir",
                                                                    "physicalPath": "C:\\arcgisserver\\additionaldirs\\testJobs",
                                                                    "directoryType": "JOBS"
                                                                    }
                                                                ]
                       
                                  },
                       "Portal":  {
                                      "LicenseFilePath": "[License File Path - Portal ]",
                                      "PortalLicenseUserType": "[Portal License User Type - Required for 10.7 and above]",
                                      "Installer":  {
                                                        "Path":  "[Portal Installer Path]",
                                                        "WebStylesPath": "[Optional Parameter starting ArcGIS Enterprise 10.7.1 - Portal Web Styles Installer Path]",
                                                        "InstallDir": "[Portal Install Dir - Ex. C:\\ArcGIS\\Portal]",
                                                        "ContentDir": "[Portal Content Dir for Install- Ex. C:\\portalforarcgis\\content]",
                                                        "PatchesDir": "[Path to Directory with Patches for Portal]"
                                                    },
                                      "ContentDirectoryLocation":  "C:\\portalforarcgis\\content\\arcgisportal\\content"
                                  },
                       "DataStore":  {
                                         "ContentDirectoryLocation":  "[Content Dir DataStore - C:\\arcgisdatastore]",
                                         "Installer":  {
                                                           "Path":  "[DataStore Installer Path]",
                                                           "InstallDir":  "[DataStore Install Dir - Ex. C:\\ArcGIS\\DataStore]",
                                                           "PatchesDir": "[Path to Directory with Patches for DataStore]"
                                                       }
                                     },
                       "WebAdaptor":  {
                                          "AdminAccessEnabled":  true,
                                          "Installer":  {
                                                            "Path":  "[WebAdaptor Installer Path]"
                                                        }
                                      }
                   }
}